task_name,s_time,e_time,diff_time,seconds
LOAD,2014-11-15 01:39:57,2014-11-15 01:52:40,1283,763
PERF.POWER,2014-11-15 02:32:20,2014-11-15 04:48:00,21580,8140
PERF.POWER.Q1,2014-11-15 04:27:06,2014-11-15 04:31:39,433,273
PERF.POWER.Q10,2014-11-15 04:31:39,2014-11-15 04:34:21,282,162
PERF.POWER.Q11,2014-11-15 04:22:21,2014-11-15 04:23:47,126,86
PERF.POWER.Q12,2014-11-15 04:46:04,2014-11-15 04:48:00,196,116
PERF.POWER.Q13,2014-11-15 04:09:36,2014-11-15 04:12:25,289,169
PERF.POWER.Q14,2014-11-15 02:34:03,2014-11-15 02:41:22,719,439
PERF.POWER.Q15,2014-11-15 04:23:47,2014-11-15 04:27:06,359,199
PERF.POWER.Q16,2014-11-15 04:15:10,2014-11-15 04:17:27,217,137
PERF.POWER.Q17,2014-11-15 03:08:30,2014-11-15 03:11:12,282,162
PERF.POWER.Q18,2014-11-15 03:11:12,2014-11-15 03:47:39,3627,2187
PERF.POWER.Q19,2014-11-15 04:34:21,2014-11-15 04:35:57,136,96
PERF.POWER.Q2,2014-11-15 02:41:22,2014-11-15 02:43:18,196,116
PERF.POWER.Q20,2014-11-15 02:58:30,2014-11-15 03:06:42,4812,492
PERF.POWER.Q21,2014-11-15 03:50:07,2014-11-15 04:09:36,5929,1169
PERF.POWER.Q22,2014-11-15 04:14:59,2014-11-15 04:15:10,51,11
PERF.POWER.Q3,2014-11-15 04:12:25,2014-11-15 04:14:59,234,154
PERF.POWER.Q4,2014-11-15 04:17:27,2014-11-15 04:22:21,494,294
PERF.POWER.Q5,2014-11-15 04:35:57,2014-11-15 04:42:27,670,390
PERF.POWER.Q6,2014-11-15 03:06:43,2014-11-15 03:08:30,187,107
PERF.POWER.Q7,2014-11-15 04:42:27,2014-11-15 04:46:04,377,217
PERF.POWER.Q8,2014-11-15 03:47:39,2014-11-15 03:50:07,268,148
PERF.POWER.Q9,2014-11-15 02:43:18,2014-11-15 02:58:30,1512,912
PERF.POWER.RF1,2014-11-15 02:32:20,2014-11-15 02:34:03,183,103
PERF.POWER.RF2,2014-11-15 04:48:00,2014-11-15 04:48:00,0,0
