# hostname;interval;timestamp;CPU;%user;%nice;%system;%iowait;%steal;%idle
axle;60;1416015650;-1;5.36;0.00;0.22;0.14;0.00;94.28
axle;60;1416015650;0;19.64;0.00;0.49;0.07;0.00;79.81
axle;60;1416015650;1;0.13;0.00;0.17;0.07;0.00;99.63
axle;60;1416015650;2;4.42;0.00;0.13;0.03;0.00;95.41
axle;60;1416015650;3;3.07;0.00;0.12;0.02;0.00;96.80
axle;60;1416015650;4;5.93;0.00;0.17;0.02;0.00;93.88
axle;60;1416015650;5;0.35;0.00;0.03;0.00;0.00;99.62
axle;60;1416015650;6;3.57;0.00;0.10;0.02;0.00;96.32
axle;60;1416015650;7;0.00;0.00;0.00;0.00;0.00;100.00
axle;60;1416015650;8;5.54;0.00;0.13;0.17;0.00;94.16
axle;60;1416015650;9;4.32;0.00;0.07;0.58;0.00;95.03
axle;60;1416015650;10;4.92;0.00;0.12;0.57;0.00;94.40
axle;60;1416015650;11;1.15;0.00;0.07;0.02;0.00;98.77
axle;60;1416015650;12;4.34;0.00;0.07;0.78;0.00;94.81
axle;60;1416015650;13;9.62;0.00;0.18;0.43;0.00;89.76
axle;60;1416015650;14;1.93;0.00;0.13;0.05;0.00;97.88
axle;60;1416015650;15;1.47;0.00;0.10;0.12;0.00;98.32
axle;60;1416015650;16;28.75;0.00;0.57;0.60;0.00;70.08
axle;60;1416015650;17;9.91;0.00;0.18;0.05;0.00;89.86
axle;60;1416015650;18;4.14;0.00;0.20;0.03;0.00;95.63
axle;60;1416015650;19;12.29;0.00;0.37;0.05;0.00;87.30
axle;60;1416015650;20;9.92;0.00;0.32;0.03;0.00;89.73
axle;60;1416015650;21;8.21;0.00;0.28;0.05;0.00;91.45
axle;60;1416015650;22;7.66;0.00;0.28;0.05;0.00;92.01
axle;60;1416015650;23;7.53;0.00;0.28;0.12;0.00;92.07
axle;60;1416015650;24;13.58;0.00;0.64;0.32;0.00;85.47
axle;60;1416015650;25;17.09;0.00;0.82;0.37;0.00;81.72
axle;60;1416015650;26;37.36;0.00;1.02;0.47;0.00;61.16
axle;60;1416015650;27;23.66;0.00;0.73;0.23;0.00;75.37
axle;60;1416015650;28;26.40;0.00;0.75;0.32;0.00;72.53
axle;60;1416015650;29;22.00;0.00;0.89;0.33;0.00;76.78
axle;60;1416015650;30;19.72;0.00;0.63;0.70;0.00;78.95
axle;60;1416015650;31;18.99;0.00;0.62;0.18;0.00;80.21
axle;60;1416015650;32;0.00;0.00;0.00;0.00;0.00;100.00
axle;60;1416015650;33;0.37;0.00;0.20;0.12;0.00;99.32
axle;60;1416015650;34;0.00;0.00;0.03;0.00;0.00;99.97
axle;60;1416015650;35;0.00;0.00;0.00;0.00;0.00;100.00
axle;60;1416015650;36;0.00;0.00;0.02;0.00;0.00;99.98
axle;60;1416015650;37;0.00;0.00;0.00;0.00;0.00;100.00
axle;60;1416015650;38;0.00;0.00;0.02;0.00;0.00;99.98
axle;60;1416015650;39;0.03;0.00;0.00;0.00;0.00;99.97
axle;60;1416015650;40;0.00;0.00;0.00;0.00;0.00;100.00
axle;60;1416015650;41;1.07;0.00;0.37;1.38;0.00;97.18
axle;60;1416015650;42;0.00;0.00;0.02;0.00;0.00;99.98
axle;60;1416015650;43;0.00;0.00;0.00;0.00;0.00;100.00
axle;60;1416015650;44;0.05;0.00;0.03;0.00;0.00;99.92
axle;60;1416015650;45;0.00;0.00;0.00;0.00;0.00;100.00
axle;60;1416015650;46;0.00;0.00;0.00;0.00;0.00;100.00
axle;60;1416015650;47;0.00;0.00;0.00;0.00;0.00;100.00
axle;60;1416015650;48;0.02;0.00;0.03;0.00;0.00;99.95
axle;60;1416015650;49;0.60;0.00;1.65;0.07;0.00;97.68
axle;60;1416015650;50;0.00;0.00;0.02;0.00;0.00;99.98
axle;60;1416015650;51;0.02;0.00;0.00;0.00;0.00;99.98
axle;60;1416015650;52;0.02;0.00;0.02;0.02;0.00;99.95
axle;60;1416015650;53;0.00;0.00;0.00;0.00;0.00;100.00
axle;60;1416015650;54;0.00;0.00;0.02;0.00;0.00;99.98
axle;60;1416015650;55;0.00;0.00;0.00;0.00;0.00;100.00
axle;60;1416015650;56;0.05;0.00;0.07;0.28;0.00;99.60
axle;60;1416015650;57;0.47;0.00;0.23;0.15;0.00;99.15
axle;60;1416015650;58;2.43;0.00;0.07;0.00;0.00;97.50
axle;60;1416015650;59;0.00;0.00;0.00;0.00;0.00;100.00
axle;60;1416015650;60;0.23;0.00;0.45;0.13;0.00;99.18
axle;60;1416015650;61;0.33;0.00;0.00;0.00;0.00;99.67
axle;60;1416015650;62;0.00;0.00;0.00;0.00;0.00;100.00
axle;60;1416015650;63;0.13;0.00;0.13;0.08;0.00;99.65
axle;60;1416015710;-1;5.07;0.00;0.18;0.16;0.00;94.59
axle;60;1416015710;0;12.69;0.00;0.48;0.12;0.00;86.71
axle;60;1416015710;1;1.35;0.00;0.18;0.13;0.00;98.33
axle;60;1416015710;2;2.13;0.00;0.08;0.05;0.00;97.73
axle;60;1416015710;3;3.38;0.00;0.15;0.02;0.00;96.45
axle;60;1416015710;4;9.85;0.00;0.40;0.12;0.00;89.63
axle;60;1416015710;5;0.80;0.00;0.07;0.02;0.00;99.12
axle;60;1416015710;6;0.15;0.00;0.07;0.02;0.00;99.77
axle;60;1416015710;7;1.25;0.00;0.03;0.02;0.00;98.70
axle;60;1416015710;8;4.61;0.00;0.08;0.28;0.00;95.03
axle;60;1416015710;9;8.50;0.00;0.08;0.03;0.00;91.38
axle;60;1416015710;10;4.82;0.00;0.05;0.02;0.00;95.11
axle;60;1416015710;11;0.58;0.00;0.02;0.00;0.00;99.40
axle;60;1416015710;12;0.30;0.00;0.05;0.78;0.00;98.87
axle;60;1416015710;13;3.42;0.00;0.05;0.03;0.00;96.50
axle;60;1416015710;14;6.63;0.00;0.25;0.03;0.00;93.08
axle;60;1416015710;15;4.22;0.00;0.05;0.03;0.00;95.70
axle;60;1416015710;16;10.65;0.00;0.08;0.03;0.00;89.24
axle;60;1416015710;17;10.21;0.00;0.13;0.22;0.00;89.44
axle;60;1416015710;18;0.32;0.00;0.05;0.15;0.00;99.48
axle;60;1416015710;19;3.57;0.00;0.07;0.28;0.00;96.08
axle;60;1416015710;20;2.00;0.00;0.07;0.77;0.00;97.17
axle;60;1416015710;21;0.52;0.00;0.02;0.00;0.00;99.47
axle;60;1416015710;22;0.00;0.00;0.00;0.00;0.00;100.00
axle;60;1416015710;23;0.00;0.00;0.00;0.00;0.00;100.00
axle;60;1416015710;24;20.95;0.00;1.14;0.90;0.00;77.01
axle;60;1416015710;25;24.39;0.00;0.87;0.84;0.00;73.91
axle;60;1416015710;26;33.17;0.00;0.95;0.47;0.00;65.41
axle;60;1416015710;27;31.18;0.00;1.04;0.87;0.00;66.91
axle;60;1416015710;28;36.44;0.00;1.00;0.55;0.00;62.01
axle;60;1416015710;29;29.05;0.00;1.09;0.87;0.00;69.00
axle;60;1416015710;30;27.98;0.00;0.95;0.33;0.00;70.74
axle;60;1416015710;31;25.53;0.00;0.92;0.87;0.00;72.68
axle;60;1416015710;32;0.00;0.00;0.00;0.00;0.00;100.00
axle;60;1416015710;33;0.00;0.00;0.00;0.00;0.00;100.00
axle;60;1416015710;34;0.00;0.00;0.00;0.00;0.00;100.00
axle;60;1416015710;35;0.00;0.00;0.00;0.00;0.00;100.00
axle;60;1416015710;36;0.03;0.00;0.00;0.00;0.00;99.97
axle;60;1416015710;37;0.00;0.00;0.00;0.00;0.00;100.00
axle;60;1416015710;38;0.00;0.00;0.00;0.00;0.00;100.00
axle;60;1416015710;39;0.00;0.00;0.00;0.00;0.00;100.00
axle;60;1416015710;40;0.00;0.00;0.00;0.00;0.00;100.00
axle;60;1416015710;41;0.47;0.00;0.08;0.87;0.00;98.58
axle;60;1416015710;42;0.00;0.00;0.00;0.00;0.00;100.00
axle;60;1416015710;43;0.00;0.00;0.00;0.00;0.00;100.00
axle;60;1416015710;44;0.00;0.00;0.00;0.00;0.00;100.00
axle;60;1416015710;45;0.00;0.00;0.00;0.00;0.00;100.00
axle;60;1416015710;46;0.00;0.00;0.00;0.00;0.00;100.00
axle;60;1416015710;47;0.00;0.00;0.00;0.00;0.00;100.00
axle;60;1416015710;48;0.02;0.00;0.03;0.00;0.00;99.95
axle;60;1416015710;49;0.02;0.00;0.12;0.00;0.00;99.87
axle;60;1416015710;50;0.00;0.00;0.00;0.00;0.00;100.00
axle;60;1416015710;51;0.00;0.00;0.00;0.00;0.00;100.00
axle;60;1416015710;52;0.00;0.00;0.00;0.00;0.00;100.00
axle;60;1416015710;53;0.00;0.00;0.00;0.00;0.00;100.00
axle;60;1416015710;54;0.00;0.00;0.00;0.00;0.00;100.00
axle;60;1416015710;55;0.00;0.00;0.00;0.00;0.00;100.00
axle;60;1416015710;56;2.57;0.00;0.15;0.03;0.00;97.25
axle;60;1416015710;57;0.23;0.00;0.03;0.02;0.00;99.72
axle;60;1416015710;58;0.00;0.00;0.00;0.00;0.00;100.00
axle;60;1416015710;59;0.32;0.00;0.03;0.02;0.00;99.63
axle;60;1416015710;60;0.05;0.00;0.15;0.07;0.00;99.73
axle;60;1416015710;61;0.08;0.00;0.12;0.05;0.00;99.75
axle;60;1416015710;62;0.20;0.00;0.02;0.00;0.00;99.78
axle;60;1416015710;63;0.13;0.00;0.22;0.48;0.00;99.17
axle;60;1416015770;-1;3.95;0.00;0.16;0.20;0.00;95.69
axle;60;1416015770;0;0.00;0.00;0.02;0.00;0.00;99.98
axle;60;1416015770;1;0.02;0.00;0.02;0.00;0.00;99.97
axle;60;1416015770;2;0.02;0.00;0.03;0.00;0.00;99.95
axle;60;1416015770;3;0.02;0.00;0.00;0.00;0.00;99.98
axle;60;1416015770;4;0.00;0.00;0.00;0.00;0.00;100.00
axle;60;1416015770;5;0.00;0.00;0.00;0.00;0.00;100.00
axle;60;1416015770;6;0.00;0.00;0.00;0.00;0.00;100.00
axle;60;1416015770;7;0.00;0.00;0.02;0.00;0.00;99.98
axle;60;1416015770;8;6.26;0.00;0.23;0.85;0.00;92.65
axle;60;1416015770;9;20.98;0.00;0.53;1.10;0.00;77.38
axle;60;1416015770;10;3.20;0.00;0.18;0.48;0.00;96.13
axle;60;1416015770;11;0.95;0.00;0.02;0.00;0.00;99.03
axle;60;1416015770;12;0.00;0.00;0.00;0.00;0.00;100.00
axle;60;1416015770;13;0.32;0.00;0.02;0.20;0.00;99.47
axle;60;1416015770;14;0.02;0.00;0.15;0.08;0.00;99.75
axle;60;1416015770;15;0.00;0.00;0.02;0.00;0.00;99.98
axle;60;1416015770;16;2.12;0.00;0.22;1.53;0.00;96.13
axle;60;1416015770;17;4.97;0.00;0.23;0.58;0.00;94.22
axle;60;1416015770;18;3.59;0.00;0.15;0.13;0.00;96.13
axle;60;1416015770;19;6.84;0.00;0.22;0.47;0.00;92.47
axle;60;1416015770;20;0.47;0.00;0.10;1.25;0.00;98.18
axle;60;1416015770;21;0.42;0.00;0.08;0.05;0.00;99.45
axle;60;1416015770;22;0.40;0.00;0.02;0.00;0.00;99.58
axle;60;1416015770;23;0.00;0.00;0.00;0.00;0.00;100.00
axle;60;1416015770;24;29.71;0.00;1.17;1.00;0.00;68.12
axle;60;1416015770;25;20.66;0.00;0.87;0.97;0.00;77.50
axle;60;1416015770;26;26.57;0.00;1.14;0.82;0.00;71.48
axle;60;1416015770;27;24.40;0.00;0.87;0.62;0.00;74.12
axle;60;1416015770;28;28.19;0.00;0.83;0.58;0.00;70.39
axle;60;1416015770;29;23.29;0.00;0.95;0.57;0.00;75.19
axle;60;1416015770;30;23.44;0.00;0.95;0.62;0.00;74.99
axle;60;1416015770;31;24.34;0.00;0.87;0.37;0.00;74.42
axle;60;1416015770;32;0.00;0.00;0.00;0.00;0.00;100.00
axle;60;1416015770;33;0.00;0.00;0.00;0.00;0.00;100.00
axle;60;1416015770;34;0.00;0.00;0.00;0.00;0.00;100.00
axle;60;1416015770;35;0.00;0.00;0.00;0.00;0.00;100.00
axle;60;1416015770;36;0.02;0.00;0.00;0.00;0.00;99.98
axle;60;1416015770;37;0.00;0.00;0.00;0.00;0.00;100.00
axle;60;1416015770;38;0.00;0.00;0.00;0.00;0.00;100.00
axle;60;1416015770;39;0.00;0.00;0.00;0.00;0.00;100.00
axle;60;1416015770;40;0.00;0.00;0.00;0.00;0.00;100.00
axle;60;1416015770;41;0.00;0.00;0.02;0.00;0.00;99.98
axle;60;1416015770;42;0.00;0.00;0.00;0.00;0.00;100.00
axle;60;1416015770;43;0.00;0.00;0.00;0.00;0.00;100.00
axle;60;1416015770;44;0.00;0.00;0.00;0.00;0.00;100.00
axle;60;1416015770;45;0.00;0.00;0.00;0.00;0.00;100.00
axle;60;1416015770;46;0.00;0.00;0.00;0.00;0.00;100.00
axle;60;1416015770;47;0.00;0.00;0.00;0.00;0.00;100.00
axle;60;1416015770;48;0.02;0.00;0.02;0.00;0.00;99.97
axle;60;1416015770;49;0.02;0.00;0.10;0.00;0.00;99.88
axle;60;1416015770;50;0.02;0.00;0.00;0.00;0.00;99.98
axle;60;1416015770;51;0.00;0.00;0.00;0.00;0.00;100.00
axle;60;1416015770;52;0.00;0.00;0.00;0.00;0.00;100.00
axle;60;1416015770;53;0.00;0.00;0.00;0.00;0.00;100.00
axle;60;1416015770;54;0.00;0.00;0.00;0.00;0.00;100.00
axle;60;1416015770;55;0.00;0.00;0.00;0.00;0.00;100.00
axle;60;1416015770;56;0.00;0.00;0.00;0.00;0.00;100.00
axle;60;1416015770;57;0.00;0.00;0.02;0.00;0.00;99.98
axle;60;1416015770;58;0.03;0.00;0.05;0.03;0.00;99.88
axle;60;1416015770;59;1.58;0.00;0.03;0.30;0.00;98.08
axle;60;1416015770;60;0.10;0.00;0.13;0.15;0.00;99.62
axle;60;1416015770;61;0.00;0.00;0.00;0.00;0.00;100.00
axle;60;1416015770;62;0.10;0.00;0.18;0.02;0.00;99.70
axle;60;1416015770;63;0.00;0.00;0.00;0.00;0.00;100.00
axle;60;1416015830;-1;3.35;0.00;0.15;0.24;0.00;96.27
axle;60;1416015830;0;6.36;0.00;0.15;2.06;0.00;91.43
axle;60;1416015830;1;2.77;0.00;0.12;0.55;0.00;96.57
axle;60;1416015830;2;1.50;0.00;0.03;0.00;0.00;98.47
axle;60;1416015830;3;0.00;0.00;0.00;0.00;0.00;100.00
axle;60;1416015830;4;0.00;0.00;0.00;0.00;0.00;100.00
axle;60;1416015830;5;0.00;0.00;0.00;0.00;0.00;100.00
axle;60;1416015830;6;0.00;0.00;0.00;0.00;0.00;100.00
axle;60;1416015830;7;0.02;0.00;0.03;0.00;0.00;99.95
axle;60;1416015830;8;3.22;0.00;0.33;2.22;0.00;94.22
axle;60;1416015830;9;14.09;0.00;0.52;2.80;0.00;82.60
axle;60;1416015830;10;1.28;0.00;0.10;0.50;0.00;98.12
axle;60;1416015830;11;0.00;0.00;0.02;0.00;0.00;99.98
axle;60;1416015830;12;0.00;0.00;0.00;0.00;0.00;100.00
axle;60;1416015830;13;0.00;0.00;0.00;0.00;0.00;100.00
axle;60;1416015830;14;0.02;0.00;0.12;0.00;0.00;99.87
axle;60;1416015830;15;0.00;0.00;0.00;0.00;0.00;100.00
axle;60;1416015830;16;12.64;0.00;0.23;0.27;0.00;86.86
axle;60;1416015830;17;0.42;0.00;0.03;0.03;0.00;99.52
axle;60;1416015830;18;0.02;0.00;0.03;0.02;0.00;99.93
axle;60;1416015830;19;0.00;0.00;0.00;0.00;0.00;100.00
axle;60;1416015830;20;0.00;0.00;0.00;0.00;0.00;100.00
axle;60;1416015830;21;0.27;0.00;0.02;0.00;0.00;99.72
axle;60;1416015830;22;1.13;0.00;0.02;0.00;0.00;98.85
axle;60;1416015830;23;1.85;0.00;0.03;0.02;0.00;98.10
axle;60;1416015830;24;15.97;0.00;0.97;0.68;0.00;82.37
axle;60;1416015830;25;27.82;0.00;0.90;0.74;0.00;70.54
axle;60;1416015830;26;30.37;0.00;0.83;0.73;0.00;68.07
axle;60;1416015830;27;14.83;0.00;0.77;0.62;0.00;83.78
axle;60;1416015830;28;19.06;0.00;0.80;0.94;0.00;79.20
axle;60;1416015830;29;15.28;0.00;1.00;0.78;0.00;82.93
axle;60;1416015830;30;25.42;0.00;0.90;0.98;0.00;72.70
axle;60;1416015830;31;18.35;0.00;0.78;0.90;0.00;79.97
axle;60;1416015830;32;0.00;0.00;0.00;0.00;0.00;100.00
axle;60;1416015830;33;0.00;0.00;0.02;0.00;0.00;99.98
axle;60;1416015830;34;0.00;0.00;0.00;0.00;0.00;100.00
axle;60;1416015830;35;0.00;0.00;0.00;0.00;0.00;100.00
axle;60;1416015830;36;0.02;0.00;0.00;0.00;0.00;99.98
axle;60;1416015830;37;0.00;0.00;0.00;0.00;0.00;100.00
axle;60;1416015830;38;0.00;0.00;0.00;0.00;0.00;100.00
axle;60;1416015830;39;0.00;0.00;0.00;0.00;0.00;100.00
axle;60;1416015830;40;0.00;0.00;0.00;0.00;0.00;100.00
axle;60;1416015830;41;0.02;0.00;0.00;0.00;0.00;99.98
axle;60;1416015830;42;0.00;0.00;0.02;0.00;0.00;99.98
axle;60;1416015830;43;0.00;0.00;0.00;0.00;0.00;100.00
axle;60;1416015830;44;0.00;0.00;0.00;0.00;0.00;100.00
axle;60;1416015830;45;0.00;0.00;0.00;0.00;0.00;100.00
axle;60;1416015830;46;0.00;0.00;0.00;0.00;0.00;100.00
axle;60;1416015830;47;0.00;0.00;0.00;0.00;0.00;100.00
axle;60;1416015830;48;0.00;0.00;0.02;0.00;0.00;99.98
axle;60;1416015830;49;0.05;0.00;0.08;0.00;0.00;99.87
axle;60;1416015830;50;0.00;0.00;0.00;0.00;0.00;100.00
axle;60;1416015830;51;0.00;0.00;0.02;0.00;0.00;99.98
axle;60;1416015830;52;0.00;0.00;0.00;0.00;0.00;100.00
axle;60;1416015830;53;0.00;0.00;0.00;0.00;0.00;100.00
axle;60;1416015830;54;0.00;0.00;0.00;0.00;0.00;100.00
axle;60;1416015830;55;0.00;0.00;0.00;0.00;0.00;100.00
axle;60;1416015830;56;0.00;0.00;0.00;0.00;0.00;100.00
axle;60;1416015830;57;0.03;0.00;0.07;0.12;0.00;99.78
axle;60;1416015830;58;0.02;0.00;0.05;0.03;0.00;99.90
axle;60;1416015830;59;1.43;0.00;0.07;0.03;0.00;98.47
axle;60;1416015830;60;0.00;0.00;0.00;0.00;0.00;100.00
axle;60;1416015830;61;0.22;0.00;0.35;0.17;0.00;99.27
axle;60;1416015830;62;0.00;0.00;0.00;0.00;0.00;100.00
axle;60;1416015830;63;0.00;0.00;0.00;0.00;0.00;100.00
axle;60;1416015890;-1;1.41;0.00;0.09;0.18;0.00;98.31
axle;60;1416015890;0;0.00;0.00;0.00;0.00;0.00;100.00
axle;60;1416015890;1;0.00;0.00;0.00;0.00;0.00;100.00
axle;60;1416015890;2;0.02;0.00;0.00;0.00;0.00;99.98
axle;60;1416015890;3;0.00;0.00;0.03;0.00;0.00;99.97
axle;60;1416015890;4;0.00;0.00;0.02;0.00;0.00;99.98
axle;60;1416015890;5;0.02;0.00;0.02;0.00;0.00;99.97
axle;60;1416015890;6;0.02;0.00;0.00;0.00;0.00;99.98
axle;60;1416015890;7;0.02;0.00;0.00;0.00;0.00;99.98
axle;60;1416015890;8;7.08;0.00;0.40;2.10;0.00;90.41
axle;60;1416015890;9;4.80;0.00;0.30;2.79;0.00;92.11
axle;60;1416015890;10;8.07;0.00;0.32;2.25;0.00;89.36
axle;60;1416015890;11;0.87;0.00;0.03;0.00;0.00;99.10
axle;60;1416015890;12;0.63;0.00;0.12;0.27;0.00;98.98
axle;60;1416015890;13;0.00;0.00;0.00;0.00;0.00;100.00
axle;60;1416015890;14;0.00;0.00;0.12;0.00;0.00;99.88
axle;60;1416015890;15;0.00;0.00;0.00;0.00;0.00;100.00
axle;60;1416015890;16;0.35;0.00;0.07;0.07;0.00;99.52
axle;60;1416015890;17;0.00;0.00;0.00;0.00;0.00;100.00
axle;60;1416015890;18;0.00;0.00;0.00;0.00;0.00;100.00
axle;60;1416015890;19;0.00;0.00;0.00;0.00;0.00;100.00
axle;60;1416015890;20;0.00;0.00;0.00;0.00;0.00;100.00
axle;60;1416015890;21;0.02;0.00;0.00;0.00;0.00;99.98
axle;60;1416015890;22;0.02;0.00;0.00;0.00;0.00;99.98
axle;60;1416015890;23;0.27;0.00;0.05;0.02;0.00;99.67
axle;60;1416015890;24;8.83;0.00;0.42;0.23;0.00;90.51
axle;60;1416015890;25;7.04;0.00;0.40;0.33;0.00;92.22
axle;60;1416015890;26;5.12;0.00;0.32;0.48;0.00;94.08
axle;60;1416015890;27;7.95;0.00;0.72;1.10;0.00;90.23
axle;60;1416015890;28;15.47;0.00;0.50;0.27;0.00;83.76
axle;60;1416015890;29;7.95;0.00;0.68;1.10;0.00;90.26
axle;60;1416015890;30;7.94;0.00;0.38;0.18;0.00;91.49
axle;60;1416015890;31;7.72;0.00;0.50;0.35;0.00;91.43
axle;60;1416015890;32;0.00;0.00;0.00;0.00;0.00;100.00
axle;60;1416015890;33;0.00;0.00;0.02;0.00;0.00;99.98
axle;60;1416015890;34;0.00;0.00;0.02;0.00;0.00;99.98
axle;60;1416015890;35;0.00;0.00;0.02;0.00;0.00;99.98
axle;60;1416015890;36;0.03;0.00;0.00;0.00;0.00;99.97
axle;60;1416015890;37;0.00;0.00;0.00;0.00;0.00;100.00
axle;60;1416015890;38;0.00;0.00;0.00;0.00;0.00;100.00
axle;60;1416015890;39;0.00;0.00;0.00;0.00;0.00;100.00
axle;60;1416015890;40;0.00;0.00;0.02;0.00;0.00;99.98
axle;60;1416015890;41;0.00;0.00;0.02;0.00;0.00;99.98
axle;60;1416015890;42;0.00;0.00;0.02;0.00;0.00;99.98
axle;60;1416015890;43;0.00;0.00;0.02;0.00;0.00;99.98
axle;60;1416015890;44;0.00;0.00;0.02;0.00;0.00;99.98
axle;60;1416015890;45;0.00;0.00;0.00;0.00;0.00;100.00
axle;60;1416015890;46;0.00;0.00;0.00;0.00;0.00;100.00
axle;60;1416015890;47;0.00;0.00;0.00;0.00;0.00;100.00
axle;60;1416015890;48;0.00;0.00;0.00;0.00;0.00;100.00
axle;60;1416015890;49;0.03;0.00;0.10;0.00;0.00;99.87
axle;60;1416015890;50;0.00;0.00;0.00;0.00;0.00;100.00
axle;60;1416015890;51;0.00;0.00;0.00;0.00;0.00;100.00
axle;60;1416015890;52;0.00;0.00;0.00;0.00;0.00;100.00
axle;60;1416015890;53;0.00;0.00;0.02;0.00;0.00;99.98
axle;60;1416015890;54;0.00;0.00;0.00;0.00;0.00;100.00
axle;60;1416015890;55;0.00;0.00;0.00;0.00;0.00;100.00
axle;60;1416015890;56;0.00;0.00;0.02;0.00;0.00;99.98
axle;60;1416015890;57;0.00;0.00;0.00;0.00;0.00;100.00
axle;60;1416015890;58;0.00;0.00;0.00;0.00;0.00;100.00
axle;60;1416015890;59;0.15;0.00;0.10;0.10;0.00;99.65
axle;60;1416015890;60;0.00;0.00;0.00;0.00;0.00;100.00
axle;60;1416015890;61;0.03;0.00;0.05;0.02;0.00;99.90
axle;60;1416015890;62;0.00;0.00;0.00;0.00;0.00;100.00
axle;60;1416015890;63;0.00;0.00;0.00;0.00;0.00;100.00
axle;60;1416015950;-1;2.77;0.00;0.18;1.05;0.00;96.00
axle;60;1416015950;0;1.50;0.00;0.15;3.82;0.00;94.54
axle;60;1416015950;1;0.94;0.00;0.08;2.02;0.00;96.96
axle;60;1416015950;2;0.70;0.00;0.05;0.02;0.00;99.23
axle;60;1416015950;3;0.10;0.00;0.02;0.08;0.00;99.80
axle;60;1416015950;4;4.39;0.00;0.03;0.07;0.00;95.51
axle;60;1416015950;5;0.02;0.00;0.02;0.00;0.00;99.97
axle;60;1416015950;6;0.02;0.00;0.03;0.00;0.00;99.95
axle;60;1416015950;7;0.02;0.00;0.02;0.00;0.00;99.97
axle;60;1416015950;8;0.47;0.00;0.10;2.39;0.00;97.04
axle;60;1416015950;9;0.93;0.00;0.20;2.92;0.00;95.95
axle;60;1416015950;10;0.00;0.00;0.02;0.00;0.00;99.98
axle;60;1416015950;11;0.00;0.00;0.02;0.00;0.00;99.98
axle;60;1416015950;12;0.47;0.00;0.02;0.00;0.00;99.52
axle;60;1416015950;13;0.67;0.00;0.18;0.58;0.00;98.56
axle;60;1416015950;14;3.49;0.00;0.25;0.68;0.00;95.58
axle;60;1416015950;15;1.90;0.00;0.50;0.17;0.00;97.43
axle;60;1416015950;16;9.23;0.00;0.60;4.27;0.00;85.89
axle;60;1416015950;17;0.85;0.00;0.10;0.28;0.00;98.77
axle;60;1416015950;18;0.17;0.00;0.03;0.00;0.00;99.80
axle;60;1416015950;19;2.60;0.00;0.07;0.08;0.00;97.25
axle;60;1416015950;20;2.60;0.00;0.05;0.02;0.00;97.33
axle;60;1416015950;21;1.59;0.00;0.02;0.03;0.00;98.36
axle;60;1416015950;22;0.07;0.00;0.07;0.00;0.00;99.87
axle;60;1416015950;23;3.60;0.00;0.72;0.17;0.00;95.51
axle;60;1416015950;24;19.53;0.00;1.41;6.75;0.00;72.31
axle;60;1416015950;25;15.25;0.00;0.90;9.46;0.00;74.39
axle;60;1416015950;26;22.25;0.00;0.90;4.61;0.00;72.24
axle;60;1416015950;27;10.44;0.00;0.67;6.20;0.00;82.69
axle;60;1416015950;28;19.15;0.00;0.64;5.30;0.00;74.91
axle;60;1416015950;29;23.49;0.00;1.34;7.61;0.00;67.56
axle;60;1416015950;30;14.11;0.00;0.72;4.56;0.00;80.62
axle;60;1416015950;31;13.33;0.00;0.74;4.80;0.00;81.14
axle;60;1416015950;32;0.17;0.00;0.05;0.43;0.00;99.35
axle;60;1416015950;33;0.00;0.00;0.02;0.00;0.00;99.98
axle;60;1416015950;34;0.00;0.00;0.02;0.00;0.00;99.98
axle;60;1416015950;35;0.00;0.00;0.02;0.00;0.00;99.98
axle;60;1416015950;36;0.00;0.00;0.00;0.00;0.00;100.00
axle;60;1416015950;37;0.00;0.00;0.00;0.00;0.00;100.00
axle;60;1416015950;38;0.00;0.00;0.03;0.00;0.00;99.97
axle;60;1416015950;39;0.02;0.00;0.03;0.00;0.00;99.95
axle;60;1416015950;40;0.00;0.00;0.00;0.00;0.00;100.00
axle;60;1416015950;41;0.00;0.00;0.05;0.00;0.00;99.95
axle;60;1416015950;42;0.00;0.00;0.02;0.00;0.00;99.98
axle;60;1416015950;43;0.00;0.00;0.03;0.00;0.00;99.97
axle;60;1416015950;44;0.00;0.00;0.02;0.00;0.00;99.98
axle;60;1416015950;45;0.00;0.00;0.03;0.00;0.00;99.97
axle;60;1416015950;46;0.10;0.00;0.03;0.13;0.00;99.73
axle;60;1416015950;47;0.00;0.00;0.03;0.00;0.00;99.97
axle;60;1416015950;48;0.07;0.00;0.02;0.00;0.00;99.92
axle;60;1416015950;49;0.02;0.00;0.13;0.00;0.00;99.85
axle;60;1416015950;50;0.00;0.00;0.03;0.00;0.00;99.97
axle;60;1416015950;51;0.00;0.00;0.02;0.00;0.00;99.98
axle;60;1416015950;52;0.00;0.00;0.00;0.00;0.00;100.00
axle;60;1416015950;53;0.00;0.00;0.02;0.00;0.00;99.98
axle;60;1416015950;54;0.00;0.00;0.02;0.00;0.00;99.98
axle;60;1416015950;55;0.00;0.00;0.02;0.00;0.00;99.98
axle;60;1416015950;56;1.74;0.00;0.33;0.05;0.00;97.88
axle;60;1416015950;57;0.00;0.00;0.02;0.00;0.00;99.98
axle;60;1416015950;58;0.75;0.00;0.07;0.03;0.00;99.15
axle;60;1416015950;59;0.75;0.00;0.03;0.02;0.00;99.20
axle;60;1416015950;60;0.00;0.00;0.02;0.03;0.00;99.95
axle;60;1416015950;61;0.00;0.00;0.00;0.00;0.00;100.00
axle;60;1416015950;62;0.00;0.00;0.00;0.00;0.00;100.00
axle;60;1416015950;63;0.00;0.00;0.03;0.00;0.00;99.97
axle;60;1416016010;-1;2.90;0.00;0.13;0.58;0.00;96.38
axle;60;1416016010;0;2.09;0.00;0.08;0.15;0.00;97.67
axle;60;1416016010;1;0.03;0.00;0.02;0.03;0.00;99.92
axle;60;1416016010;2;0.00;0.00;0.03;0.00;0.00;99.97
axle;60;1416016010;3;0.02;0.00;0.02;0.00;0.00;99.97
axle;60;1416016010;4;0.00;0.00;0.02;0.00;0.00;99.98
axle;60;1416016010;5;0.03;0.00;0.02;0.00;0.00;99.95
axle;60;1416016010;6;0.03;0.00;0.00;0.00;0.00;99.97
axle;60;1416016010;7;0.00;0.00;0.00;0.00;0.00;100.00
axle;60;1416016010;8;0.27;0.00;0.07;1.77;0.00;97.89
axle;60;1416016010;9;0.92;0.00;0.13;1.35;0.00;97.60
axle;60;1416016010;10;4.30;0.00;0.08;0.02;0.00;95.60
axle;60;1416016010;11;0.00;0.00;0.00;0.00;0.00;100.00
axle;60;1416016010;12;0.00;0.00;0.00;0.00;0.00;100.00
axle;60;1416016010;13;0.27;0.00;0.07;0.12;0.00;99.55
axle;60;1416016010;14;14.23;0.00;0.35;0.52;0.00;84.90
axle;60;1416016010;15;1.93;0.00;0.07;0.00;0.00;98.00
axle;60;1416016010;16;5.32;0.00;0.07;0.27;0.00;94.34
axle;60;1416016010;17;1.40;0.00;0.20;0.40;0.00;98.00
axle;60;1416016010;18;5.19;0.00;0.10;1.72;0.00;92.99
axle;60;1416016010;19;3.27;0.00;0.10;0.02;0.00;96.61
axle;60;1416016010;20;0.13;0.00;0.03;1.47;0.00;98.36
axle;60;1416016010;21;0.00;0.00;0.03;0.00;0.00;99.97
axle;60;1416016010;22;0.00;0.00;0.02;0.00;0.00;99.98
axle;60;1416016010;23;0.37;0.00;0.12;0.05;0.00;99.47
axle;60;1416016010;24;17.47;0.00;1.55;5.63;0.00;75.35
axle;60;1416016010;25;11.48;0.00;0.64;3.31;0.00;84.58
axle;60;1416016010;26;18.80;0.00;0.85;4.96;0.00;75.38
axle;60;1416016010;27;14.80;0.00;0.77;3.21;0.00;81.22
axle;60;1416016010;28;26.90;0.00;0.65;2.52;0.00;69.93
axle;60;1416016010;29;24.34;0.00;0.82;4.11;0.00;70.73
axle;60;1416016010;30;16.55;0.00;0.65;3.69;0.00;79.10
axle;60;1416016010;31;15.28;0.00;0.62;1.94;0.00;82.16
axle;60;1416016010;32;0.00;0.00;0.00;0.00;0.00;100.00
axle;60;1416016010;33;0.00;0.00;0.00;0.00;0.00;100.00
axle;60;1416016010;34;0.00;0.00;0.02;0.00;0.00;99.98
axle;60;1416016010;35;0.02;0.00;0.00;0.00;0.00;99.98
axle;60;1416016010;36;0.00;0.00;0.00;0.00;0.00;100.00
axle;60;1416016010;37;0.00;0.00;0.00;0.00;0.00;100.00
axle;60;1416016010;38;0.00;0.00;0.00;0.00;0.00;100.00
axle;60;1416016010;39;0.00;0.00;0.02;0.00;0.00;99.98
axle;60;1416016010;40;0.00;0.00;0.02;0.00;0.00;99.98
axle;60;1416016010;41;0.00;0.00;0.00;0.00;0.00;100.00
axle;60;1416016010;42;0.00;0.00;0.00;0.00;0.00;100.00
axle;60;1416016010;43;0.00;0.00;0.02;0.00;0.00;99.98
axle;60;1416016010;44;0.00;0.00;0.02;0.00;0.00;99.98
axle;60;1416016010;45;0.00;0.00;0.00;0.00;0.00;100.00
axle;60;1416016010;46;0.00;0.00;0.00;0.00;0.00;100.00
axle;60;1416016010;47;0.00;0.00;0.00;0.00;0.00;100.00
axle;60;1416016010;48;0.00;0.00;0.00;0.00;0.00;100.00
axle;60;1416016010;49;0.03;0.00;0.10;0.00;0.00;99.87
axle;60;1416016010;50;0.23;0.00;0.03;0.05;0.00;99.68
axle;60;1416016010;51;0.00;0.00;0.00;0.00;0.00;100.00
axle;60;1416016010;52;0.00;0.00;0.00;0.00;0.00;100.00
axle;60;1416016010;53;0.00;0.00;0.00;0.00;0.00;100.00
axle;60;1416016010;54;0.00;0.00;0.02;0.00;0.00;99.98
axle;60;1416016010;55;0.00;0.00;0.02;0.00;0.00;99.98
axle;60;1416016010;56;0.00;0.00;0.00;0.00;0.00;100.00
axle;60;1416016010;57;0.00;0.00;0.02;0.00;0.00;99.98
axle;60;1416016010;58;0.00;0.00;0.00;0.00;0.00;100.00
axle;60;1416016010;59;0.00;0.00;0.00;0.00;0.00;100.00
axle;60;1416016010;60;0.00;0.00;0.00;0.00;0.00;100.00
axle;60;1416016010;61;0.07;0.00;0.07;0.00;0.00;99.87
axle;60;1416016010;62;0.00;0.00;0.00;0.00;0.00;100.00
axle;60;1416016010;63;0.00;0.00;0.00;0.00;0.00;100.00
axle;60;1416016070;-1;2.95;0.00;0.14;1.36;0.00;95.55
axle;60;1416016070;0;5.95;0.00;0.12;0.03;0.00;93.89
axle;60;1416016070;1;0.70;0.00;0.07;0.03;0.00;99.20
axle;60;1416016070;2;0.27;0.00;0.03;0.00;0.00;99.70
axle;60;1416016070;3;0.70;0.00;0.02;0.00;0.00;99.28
axle;60;1416016070;4;3.50;0.00;0.05;0.00;0.00;96.45
axle;60;1416016070;5;0.00;0.00;0.02;0.00;0.00;99.98
axle;60;1416016070;6;0.03;0.00;0.00;0.00;0.00;99.97
axle;60;1416016070;7;0.00;0.00;0.03;0.00;0.00;99.97
axle;60;1416016070;8;0.37;0.00;0.05;0.44;0.00;99.15
axle;60;1416016070;9;1.90;0.00;0.08;0.38;0.00;97.63
axle;60;1416016070;10;0.00;0.00;0.00;0.00;0.00;100.00
axle;60;1416016070;11;0.00;0.00;0.00;0.00;0.00;100.00
axle;60;1416016070;12;0.00;0.00;0.00;0.00;0.00;100.00
axle;60;1416016070;13;0.48;0.00;0.08;0.72;0.00;98.72
axle;60;1416016070;14;3.33;0.00;0.05;0.07;0.00;96.55
axle;60;1416016070;15;0.02;0.00;0.12;0.00;0.00;99.87
axle;60;1416016070;16;1.65;0.00;0.23;3.94;0.00;94.17
axle;60;1416016070;17;6.47;0.00;0.22;1.93;0.00;91.38
axle;60;1416016070;18;4.70;0.00;0.22;1.13;0.00;93.95
axle;60;1416016070;19;5.20;0.00;0.12;0.93;0.00;93.74
axle;60;1416016070;20;0.00;0.00;0.00;0.00;0.00;100.00
axle;60;1416016070;21;0.00;0.00;0.00;0.00;0.00;100.00
axle;60;1416016070;22;0.00;0.00;0.00;0.00;0.00;100.00
axle;60;1416016070;23;0.00;0.00;0.00;0.00;0.00;100.00
axle;60;1416016070;24;16.15;0.00;1.18;18.47;0.00;64.20
axle;60;1416016070;25;19.94;0.00;0.90;13.42;0.00;65.73
axle;60;1416016070;26;21.53;0.00;0.79;7.17;0.00;70.51
axle;60;1416016070;27;18.02;0.00;0.82;7.54;0.00;73.62
axle;60;1416016070;28;19.22;0.00;0.85;8.51;0.00;71.42
axle;60;1416016070;29;23.93;0.00;1.04;8.68;0.00;66.35
axle;60;1416016070;30;20.92;0.00;0.94;7.75;0.00;70.40
axle;60;1416016070;31;14.14;0.00;0.67;5.94;0.00;79.26
axle;60;1416016070;32;0.00;0.00;0.00;0.00;0.00;100.00
axle;60;1416016070;33;0.00;0.00;0.02;0.00;0.00;99.98
axle;60;1416016070;34;0.00;0.00;0.00;0.00;0.00;100.00
axle;60;1416016070;35;0.00;0.00;0.02;0.00;0.00;99.98
axle;60;1416016070;36;0.00;0.00;0.00;0.00;0.00;100.00
axle;60;1416016070;37;0.00;0.00;0.00;0.00;0.00;100.00
axle;60;1416016070;38;0.00;0.00;0.00;0.00;0.00;100.00
axle;60;1416016070;39;0.00;0.00;0.02;0.00;0.00;99.98
axle;60;1416016070;40;0.00;0.00;0.00;0.00;0.00;100.00
axle;60;1416016070;41;0.00;0.00;0.00;0.00;0.00;100.00
axle;60;1416016070;42;0.00;0.00;0.00;0.00;0.00;100.00
axle;60;1416016070;43;0.00;0.00;0.00;0.00;0.00;100.00
axle;60;1416016070;44;0.00;0.00;0.00;0.00;0.00;100.00
axle;60;1416016070;45;0.00;0.00;0.00;0.00;0.00;100.00
axle;60;1416016070;46;0.00;0.00;0.00;0.00;0.00;100.00
axle;60;1416016070;47;0.00;0.00;0.00;0.00;0.00;100.00
axle;60;1416016070;48;0.00;0.00;0.00;0.00;0.00;100.00
axle;60;1416016070;49;0.03;0.00;0.10;0.00;0.00;99.87
axle;60;1416016070;50;0.05;0.00;0.02;0.07;0.00;99.87
axle;60;1416016070;51;0.00;0.00;0.00;0.00;0.00;100.00
axle;60;1416016070;52;0.00;0.00;0.00;0.00;0.00;100.00
axle;60;1416016070;53;0.00;0.00;0.00;0.00;0.00;100.00
axle;60;1416016070;54;0.00;0.00;0.00;0.00;0.00;100.00
axle;60;1416016070;55;0.00;0.00;0.00;0.00;0.00;100.00
axle;60;1416016070;56;0.07;0.00;0.12;0.13;0.00;99.68
axle;60;1416016070;57;0.00;0.00;0.02;0.00;0.00;99.98
axle;60;1416016070;58;0.00;0.00;0.00;0.00;0.00;100.00
axle;60;1416016070;59;0.00;0.00;0.00;0.00;0.00;100.00
axle;60;1416016070;60;0.00;0.00;0.00;0.00;0.00;100.00
axle;60;1416016070;61;0.00;0.00;0.00;0.00;0.00;100.00
axle;60;1416016070;62;0.00;0.00;0.00;0.00;0.00;100.00
axle;60;1416016070;63;0.00;0.00;0.00;0.00;0.00;100.00
axle;60;1416016130;-1;3.24;0.00;0.15;0.61;0.00;96.01
axle;60;1416016130;0;0.02;0.00;0.02;0.00;0.00;99.97
axle;60;1416016130;1;0.00;0.00;0.02;0.00;0.00;99.98
axle;60;1416016130;2;0.02;0.00;0.02;0.00;0.00;99.97
axle;60;1416016130;3;0.02;0.00;0.02;0.00;0.00;99.97
axle;60;1416016130;4;0.02;0.00;0.02;0.00;0.00;99.97
axle;60;1416016130;5;0.17;0.00;0.02;0.00;0.00;99.82
axle;60;1416016130;6;0.00;0.00;0.02;0.00;0.00;99.98
axle;60;1416016130;7;0.00;0.00;0.00;0.00;0.00;100.00
axle;60;1416016130;8;0.00;0.00;0.00;0.00;0.00;100.00
axle;60;1416016130;9;0.00;0.00;0.00;0.00;0.00;100.00
axle;60;1416016130;10;0.00;0.00;0.00;0.00;0.00;100.00
axle;60;1416016130;11;0.00;0.00;0.00;0.00;0.00;100.00
axle;60;1416016130;12;0.00;0.00;0.02;0.00;0.00;99.98
axle;60;1416016130;13;0.00;0.00;0.02;0.00;0.00;99.98
axle;60;1416016130;14;0.02;0.00;0.02;0.03;0.00;99.93
axle;60;1416016130;15;0.00;0.00;0.13;0.00;0.00;99.87
axle;60;1416016130;16;13.00;0.00;0.57;2.32;0.00;84.11
axle;60;1416016130;17;5.56;0.00;0.57;1.42;0.00;92.46
axle;60;1416016130;18;10.06;0.00;0.50;4.94;0.00;84.50
axle;60;1416016130;19;12.80;0.00;0.63;2.00;0.00;84.56
axle;60;1416016130;20;9.69;0.00;0.48;1.19;0.00;88.64
axle;60;1416016130;21;11.70;0.00;0.37;0.92;0.00;87.02
axle;60;1416016130;22;2.82;0.00;0.23;0.08;0.00;96.86
axle;60;1416016130;23;26.88;0.00;0.30;1.12;0.00;71.70
axle;60;1416016130;24;15.83;0.00;0.53;2.92;0.00;80.72
axle;60;1416016130;25;12.28;0.00;0.40;2.34;0.00;84.98
axle;60;1416016130;26;15.22;0.00;0.60;2.10;0.00;82.08
axle;60;1416016130;27;19.63;0.00;0.48;0.98;0.00;78.90
axle;60;1416016130;28;18.70;0.00;0.60;6.96;0.00;73.75
axle;60;1416016130;29;7.30;0.00;0.79;4.75;0.00;87.17
axle;60;1416016130;30;11.48;0.00;0.45;1.55;0.00;86.51
axle;60;1416016130;31;11.61;0.00;0.53;2.80;0.00;85.05
axle;60;1416016130;32;0.00;0.00;0.00;0.00;0.00;100.00
axle;60;1416016130;33;0.00;0.00;0.00;0.00;0.00;100.00
axle;60;1416016130;34;0.00;0.00;0.02;0.00;0.00;99.98
axle;60;1416016130;35;0.00;0.00;0.00;0.00;0.00;100.00
axle;60;1416016130;36;0.00;0.00;0.02;0.00;0.00;99.98
axle;60;1416016130;37;0.02;0.00;0.00;0.00;0.00;99.98
axle;60;1416016130;38;0.00;0.00;0.00;0.00;0.00;100.00
axle;60;1416016130;39;0.00;0.00;0.00;0.00;0.00;100.00
axle;60;1416016130;40;0.00;0.00;0.00;0.00;0.00;100.00
axle;60;1416016130;41;0.00;0.00;0.00;0.00;0.00;100.00
axle;60;1416016130;42;0.00;0.00;0.02;0.00;0.00;99.98
axle;60;1416016130;43;0.00;0.00;0.00;0.00;0.00;100.00
axle;60;1416016130;44;0.00;0.00;0.00;0.00;0.00;100.00
axle;60;1416016130;45;0.00;0.00;0.00;0.00;0.00;100.00
axle;60;1416016130;46;0.00;0.00;0.00;0.00;0.00;100.00
axle;60;1416016130;47;0.00;0.00;0.00;0.00;0.00;100.00
axle;60;1416016130;48;0.00;0.00;0.02;0.00;0.00;99.98
axle;60;1416016130;49;0.02;0.00;0.10;0.00;0.00;99.88
axle;60;1416016130;50;0.00;0.00;0.02;0.00;0.00;99.98
axle;60;1416016130;51;0.00;0.00;0.02;0.00;0.00;99.98
axle;60;1416016130;52;0.00;0.00;0.02;0.00;0.00;99.98
axle;60;1416016130;53;0.00;0.00;0.02;0.00;0.00;99.98
axle;60;1416016130;54;0.00;0.00;0.02;0.00;0.00;99.98
axle;60;1416016130;55;0.00;0.00;0.00;0.00;0.00;100.00
axle;60;1416016130;56;0.03;0.00;0.02;0.00;0.00;99.95
axle;60;1416016130;57;0.00;0.00;0.02;0.00;0.00;99.98
axle;60;1416016130;58;0.00;0.00;0.02;0.00;0.00;99.98
axle;60;1416016130;59;0.00;0.00;0.00;0.00;0.00;100.00
axle;60;1416016130;60;0.00;0.00;0.02;0.00;0.00;99.98
axle;60;1416016130;61;2.52;0.00;0.90;0.33;0.00;96.25
axle;60;1416016130;62;0.00;0.00;0.02;0.00;0.00;99.98
axle;60;1416016130;63;0.00;0.00;0.00;0.00;0.00;100.00
axle;60;1416016190;-1;2.79;0.00;0.10;0.31;0.00;96.80
axle;60;1416016190;0;0.02;0.00;0.02;0.02;0.00;99.95
axle;60;1416016190;1;0.00;0.00;0.00;0.00;0.00;100.00
axle;60;1416016190;2;0.00;0.00;0.02;0.00;0.00;99.98
axle;60;1416016190;3;0.00;0.00;0.02;0.00;0.00;99.98
axle;60;1416016190;4;0.02;0.00;0.00;0.00;0.00;99.98
axle;60;1416016190;5;0.00;0.00;0.00;0.00;0.00;100.00
axle;60;1416016190;6;0.00;0.00;0.00;0.00;0.00;100.00
axle;60;1416016190;7;0.00;0.00;0.00;0.00;0.00;100.00
axle;60;1416016190;8;1.25;0.00;0.05;0.42;0.00;98.28
axle;60;1416016190;9;0.00;0.00;0.00;0.00;0.00;100.00
axle;60;1416016190;10;0.00;0.00;0.00;0.00;0.00;100.00
axle;60;1416016190;11;0.00;0.00;0.00;0.00;0.00;100.00
axle;60;1416016190;12;0.00;0.00;0.00;0.00;0.00;100.00
axle;60;1416016190;13;0.00;0.00;0.00;0.00;0.00;100.00
axle;60;1416016190;14;0.00;0.00;0.00;0.00;0.00;100.00
axle;60;1416016190;15;0.02;0.00;0.12;0.00;0.00;99.87
axle;60;1416016190;16;31.82;0.00;0.89;2.92;0.00;64.37
axle;60;1416016190;17;20.17;0.00;0.85;2.04;0.00;76.94
axle;60;1416016190;18;13.28;0.00;0.68;1.38;0.00;84.65
axle;60;1416016190;19;28.43;0.00;0.85;1.14;0.00;69.58
axle;60;1416016190;20;22.47;0.00;0.70;2.17;0.00;74.66
axle;60;1416016190;21;24.46;0.00;0.85;2.69;0.00;72.01
axle;60;1416016190;22;5.62;0.00;0.20;0.27;0.00;93.91
axle;60;1416016190;23;19.10;0.00;0.67;3.79;0.00;76.44
axle;60;1416016190;24;0.02;0.00;0.02;0.00;0.00;99.97
axle;60;1416016190;25;0.00;0.00;0.00;0.00;0.00;100.00
axle;60;1416016190;26;0.00;0.00;0.00;0.00;0.00;100.00
axle;60;1416016190;27;0.00;0.00;0.00;0.00;0.00;100.00
axle;60;1416016190;28;0.00;0.00;0.00;0.00;0.00;100.00
axle;60;1416016190;29;3.05;0.00;0.45;2.74;0.00;93.76
axle;60;1416016190;30;8.94;0.00;0.17;0.25;0.00;90.64
axle;60;1416016190;31;0.02;0.00;0.02;0.05;0.00;99.92
axle;60;1416016190;32;0.00;0.00;0.00;0.00;0.00;100.00
axle;60;1416016190;33;0.00;0.00;0.00;0.00;0.00;100.00
axle;60;1416016190;34;0.00;0.00;0.00;0.00;0.00;100.00
axle;60;1416016190;35;0.03;0.00;0.00;0.00;0.00;99.97
axle;60;1416016190;36;0.00;0.00;0.00;0.00;0.00;100.00
axle;60;1416016190;37;0.00;0.00;0.00;0.00;0.00;100.00
axle;60;1416016190;38;0.00;0.00;0.00;0.00;0.00;100.00
axle;60;1416016190;39;0.02;0.00;0.00;0.00;0.00;99.98
axle;60;1416016190;40;0.00;0.00;0.00;0.00;0.00;100.00
axle;60;1416016190;41;0.00;0.00;0.00;0.00;0.00;100.00
axle;60;1416016190;42;0.00;0.00;0.00;0.00;0.00;100.00
axle;60;1416016190;43;0.00;0.00;0.00;0.00;0.00;100.00
axle;60;1416016190;44;0.00;0.00;0.00;0.00;0.00;100.00
axle;60;1416016190;45;0.00;0.00;0.00;0.00;0.00;100.00
axle;60;1416016190;46;0.00;0.00;0.00;0.00;0.00;100.00
axle;60;1416016190;47;0.00;0.00;0.00;0.00;0.00;100.00
axle;60;1416016190;48;0.00;0.00;0.00;0.00;0.00;100.00
axle;60;1416016190;49;0.03;0.00;0.08;0.00;0.00;99.88
axle;60;1416016190;50;0.00;0.00;0.00;0.00;0.00;100.00
axle;60;1416016190;51;0.00;0.00;0.00;0.00;0.00;100.00
axle;60;1416016190;52;0.00;0.00;0.00;0.00;0.00;100.00
axle;60;1416016190;53;0.00;0.00;0.00;0.00;0.00;100.00
axle;60;1416016190;54;0.00;0.00;0.00;0.00;0.00;100.00
axle;60;1416016190;55;0.00;0.00;0.00;0.00;0.00;100.00
axle;60;1416016190;56;0.00;0.00;0.02;0.00;0.00;99.98
axle;60;1416016190;57;0.02;0.00;0.00;0.00;0.00;99.98
axle;60;1416016190;58;0.00;0.00;0.00;0.00;0.00;100.00
axle;60;1416016190;59;0.00;0.00;0.00;0.00;0.00;100.00
axle;60;1416016190;60;0.00;0.00;0.00;0.00;0.00;100.00
axle;60;1416016190;61;0.00;0.00;0.00;0.00;0.00;100.00
axle;60;1416016190;62;0.00;0.00;0.00;0.00;0.00;100.00
axle;60;1416016190;63;0.00;0.00;0.00;0.00;0.00;100.00
axle;60;1416016250;-1;2.42;0.00;0.19;0.24;0.00;97.15
axle;60;1416016250;0;0.80;0.00;0.27;0.00;0.00;98.93
axle;60;1416016250;1;0.00;0.00;0.05;0.00;0.00;99.95
axle;60;1416016250;2;0.02;0.00;0.03;0.00;0.00;99.95
axle;60;1416016250;3;0.00;0.00;0.03;0.00;0.00;99.97
axle;60;1416016250;4;0.00;0.00;0.03;0.00;0.00;99.97
axle;60;1416016250;5;0.02;0.00;0.02;0.00;0.00;99.97
axle;60;1416016250;6;0.00;0.00;0.03;0.00;0.00;99.97
axle;60;1416016250;7;0.00;0.00;0.05;0.00;0.00;99.95
axle;60;1416016250;8;0.92;0.00;0.15;1.29;0.00;97.64
axle;60;1416016250;9;0.00;0.00;0.02;0.00;0.00;99.98
axle;60;1416016250;10;0.00;0.00;0.02;0.00;0.00;99.98
axle;60;1416016250;11;0.00;0.00;0.02;0.00;0.00;99.98
axle;60;1416016250;12;0.00;0.00;0.00;0.00;0.00;100.00
axle;60;1416016250;13;0.00;0.00;0.00;0.00;0.00;100.00
axle;60;1416016250;14;0.00;0.00;0.02;0.00;0.00;99.98
axle;60;1416016250;15;0.03;0.00;0.12;0.00;0.00;99.85
axle;60;1416016250;16;20.63;0.00;0.79;1.02;0.00;77.56
axle;60;1416016250;17;12.83;0.00;0.62;1.19;0.00;85.37
axle;60;1416016250;18;8.21;0.00;0.55;1.09;0.00;90.15
axle;60;1416016250;19;4.43;0.00;0.53;1.04;0.00;94.00
axle;60;1416016250;20;5.21;0.00;0.48;1.30;0.00;93.00
axle;60;1416016250;21;8.38;0.00;0.60;1.19;0.00;89.83
axle;60;1416016250;22;4.41;0.00;0.25;0.08;0.00;95.26
axle;60;1416016250;23;20.17;0.00;0.57;1.81;0.00;77.46
axle;60;1416016250;24;16.85;0.00;1.12;0.54;0.00;81.49
axle;60;1416016250;25;8.38;0.00;1.14;0.78;0.00;89.70
axle;60;1416016250;26;14.86;0.00;0.57;0.77;0.00;83.80
axle;60;1416016250;27;4.33;0.00;0.58;1.02;0.00;94.07
axle;60;1416016250;28;2.94;0.00;0.55;0.08;0.00;96.43
axle;60;1416016250;29;2.66;0.00;0.33;0.62;0.00;96.39
axle;60;1416016250;30;10.31;0.00;1.10;1.25;0.00;87.34
axle;60;1416016250;31;7.92;0.00;0.30;0.10;0.00;91.68
axle;60;1416016250;32;0.00;0.00;0.05;0.00;0.00;99.95
axle;60;1416016250;33;0.00;0.00;0.03;0.00;0.00;99.97
axle;60;1416016250;34;0.00;0.00;0.02;0.00;0.00;99.98
axle;60;1416016250;35;0.02;0.00;0.02;0.00;0.00;99.97
axle;60;1416016250;36;0.00;0.00;0.02;0.00;0.00;99.98
axle;60;1416016250;37;0.00;0.00;0.05;0.00;0.00;99.95
axle;60;1416016250;38;0.00;0.00;0.03;0.00;0.00;99.97
axle;60;1416016250;39;0.00;0.00;0.05;0.00;0.00;99.95
axle;60;1416016250;40;0.00;0.00;0.02;0.00;0.00;99.98
axle;60;1416016250;41;0.02;0.00;0.07;0.00;0.00;99.92
axle;60;1416016250;42;0.00;0.00;0.03;0.00;0.00;99.97
axle;60;1416016250;43;0.00;0.00;0.03;0.00;0.00;99.97
axle;60;1416016250;44;0.00;0.00;0.02;0.00;0.00;99.98
axle;60;1416016250;45;0.00;0.00;0.03;0.00;0.00;99.97
axle;60;1416016250;46;0.00;0.00;0.03;0.00;0.00;99.97
axle;60;1416016250;47;0.00;0.00;0.03;0.00;0.00;99.97
axle;60;1416016250;48;0.75;0.00;0.07;0.00;0.00;99.18
axle;60;1416016250;49;0.02;0.00;0.07;0.00;0.00;99.92
axle;60;1416016250;50;0.00;0.00;0.03;0.00;0.00;99.97
axle;60;1416016250;51;0.00;0.00;0.03;0.00;0.00;99.97
axle;60;1416016250;52;0.00;0.00;0.03;0.00;0.00;99.97
axle;60;1416016250;53;0.08;0.00;0.08;0.03;0.00;99.80
axle;60;1416016250;54;0.00;0.00;0.03;0.00;0.00;99.97
axle;60;1416016250;55;0.00;0.00;0.02;0.00;0.00;99.98
axle;60;1416016250;56;0.00;0.00;0.00;0.00;0.00;100.00
axle;60;1416016250;57;0.02;0.00;0.03;0.00;0.00;99.95
axle;60;1416016250;58;0.00;0.00;0.02;0.00;0.00;99.98
axle;60;1416016250;59;0.00;0.00;0.02;0.00;0.00;99.98
axle;60;1416016250;60;0.00;0.00;0.02;0.00;0.00;99.98
axle;60;1416016250;61;0.00;0.00;0.00;0.00;0.00;100.00
axle;60;1416016250;62;0.00;0.00;0.02;0.00;0.00;99.98
axle;60;1416016250;63;0.02;0.00;0.02;0.00;0.00;99.97
axle;60;1416016310;-1;2.10;0.00;0.09;0.05;0.00;97.76
axle;60;1416016310;0;0.02;0.00;0.00;0.00;0.00;99.98
axle;60;1416016310;1;0.02;0.00;0.02;0.00;0.00;99.97
axle;60;1416016310;2;0.00;0.00;0.02;0.00;0.00;99.98
axle;60;1416016310;3;0.00;0.00;0.00;0.00;0.00;100.00
axle;60;1416016310;4;0.02;0.00;0.00;0.00;0.00;99.98
axle;60;1416016310;5;0.00;0.00;0.00;0.00;0.00;100.00
axle;60;1416016310;6;0.00;0.00;0.00;0.00;0.00;100.00
axle;60;1416016310;7;0.00;0.00;0.00;0.00;0.00;100.00
axle;60;1416016310;8;0.00;0.00;0.00;0.00;0.00;100.00
axle;60;1416016310;9;0.00;0.00;0.00;0.00;0.00;100.00
axle;60;1416016310;10;0.00;0.00;0.00;0.00;0.00;100.00
axle;60;1416016310;11;0.00;0.00;0.00;0.00;0.00;100.00
axle;60;1416016310;12;0.00;0.00;0.00;0.00;0.00;100.00
axle;60;1416016310;13;0.00;0.00;0.00;0.00;0.00;100.00
axle;60;1416016310;14;0.00;0.00;0.00;0.00;0.00;100.00
axle;60;1416016310;15;0.02;0.00;0.10;0.00;0.00;99.88
axle;60;1416016310;16;0.27;0.00;0.12;0.05;0.00;99.57
axle;60;1416016310;17;0.13;0.00;0.10;0.03;0.00;99.73
axle;60;1416016310;18;0.05;0.00;0.10;0.03;0.00;99.82
axle;60;1416016310;19;3.42;0.00;0.05;0.02;0.00;96.51
axle;60;1416016310;20;0.12;0.00;0.03;0.00;0.00;99.85
axle;60;1416016310;21;0.87;0.00;0.10;0.02;0.00;99.02
axle;60;1416016310;22;0.25;0.00;0.02;0.00;0.00;99.73
axle;60;1416016310;23;1.07;0.00;0.02;0.00;0.00;98.92
axle;60;1416016310;24;24.94;0.00;0.80;0.30;0.00;73.96
axle;60;1416016310;25;7.91;0.00;0.40;0.23;0.00;91.46
axle;60;1416016310;26;19.70;0.00;0.75;0.30;0.00;79.25
axle;60;1416016310;27;17.28;0.00;0.68;0.18;0.00;81.85
axle;60;1416016310;28;15.36;0.00;0.75;0.23;0.00;83.66
axle;60;1416016310;29;11.25;0.00;0.57;0.18;0.00;88.00
axle;60;1416016310;30;21.28;0.00;0.60;0.77;0.00;77.35
axle;60;1416016310;31;10.18;0.00;0.50;0.77;0.00;88.55
axle;60;1416016310;32;0.00;0.00;0.00;0.00;0.00;100.00
axle;60;1416016310;33;0.00;0.00;0.00;0.00;0.00;100.00
axle;60;1416016310;34;0.00;0.00;0.00;0.00;0.00;100.00
axle;60;1416016310;35;0.02;0.00;0.00;0.00;0.00;99.98
axle;60;1416016310;36;0.00;0.00;0.00;0.00;0.00;100.00
axle;60;1416016310;37;0.00;0.00;0.00;0.00;0.00;100.00
axle;60;1416016310;38;0.00;0.00;0.00;0.00;0.00;100.00
axle;60;1416016310;39;0.00;0.00;0.00;0.00;0.00;100.00
axle;60;1416016310;40;0.00;0.00;0.00;0.00;0.00;100.00
axle;60;1416016310;41;0.00;0.00;0.00;0.00;0.00;100.00
axle;60;1416016310;42;0.00;0.00;0.00;0.00;0.00;100.00
axle;60;1416016310;43;0.00;0.00;0.00;0.00;0.00;100.00
axle;60;1416016310;44;0.00;0.00;0.00;0.00;0.00;100.00
axle;60;1416016310;45;0.00;0.00;0.00;0.00;0.00;100.00
axle;60;1416016310;46;0.00;0.00;0.00;0.00;0.00;100.00
axle;60;1416016310;47;0.00;0.00;0.00;0.00;0.00;100.00
axle;60;1416016310;48;0.00;0.00;0.00;0.00;0.00;100.00
axle;60;1416016310;49;0.03;0.00;0.08;0.00;0.00;99.88
axle;60;1416016310;50;0.00;0.00;0.00;0.00;0.00;100.00
axle;60;1416016310;51;0.00;0.00;0.00;0.00;0.00;100.00
axle;60;1416016310;52;0.00;0.00;0.00;0.00;0.00;100.00
axle;60;1416016310;53;0.00;0.00;0.00;0.00;0.00;100.00
axle;60;1416016310;54;0.00;0.00;0.00;0.00;0.00;100.00
axle;60;1416016310;55;0.00;0.00;0.00;0.00;0.00;100.00
axle;60;1416016310;56;0.00;0.00;0.00;0.00;0.00;100.00
axle;60;1416016310;57;0.00;0.00;0.00;0.00;0.00;100.00
axle;60;1416016310;58;0.00;0.00;0.00;0.00;0.00;100.00
axle;60;1416016310;59;0.00;0.00;0.02;0.00;0.00;99.98
axle;60;1416016310;60;0.00;0.00;0.00;0.00;0.00;100.00
axle;60;1416016310;61;0.00;0.00;0.00;0.00;0.00;100.00
axle;60;1416016310;62;0.00;0.00;0.00;0.00;0.00;100.00
axle;60;1416016310;63;0.00;0.00;0.00;0.00;0.00;100.00
